id,show,date,type,url
2,1,1/26/13,soundboard,https://archive.org/details/jrad2013-01-26.mtx
1,1,1/26/13,audience,https://archive.org/details/JRAD2013-01-26.nyctaper
468,1,1/26/13,audience,https://archive.org/details/jrad2013-01-26.fob-bk4022.claymont.vgrm357.flac16
469,1,1/26/13,soundboard,https://archive.org/details/jrad2013-01-26.mk5.sbd.matrix.flac16
470,1,1/26/13,video,https://www.youtube.com/watch?v=k-imU0EJEso
471,1,1/26/13,video,https://www.youtube.com/watch?v=o5tNNvS00Ik
3,2,12/27/13,soundboard,https://archive.org/details/jrad2013-12-27.cmc64.sbd.matrix.flac16
4,2,12/27/13,audience,https://archive.org/details/jrad2013-12-27.cmc641.flac16
5,3,8/1/14,soundboard,https://archive.org/details/jrad2014-08-01.cmc621.sbd.matrix.flac16
6,3,8/1/14,audience,https://archive.org/details/JoeRussosAlmostDead2014-08-01
392,3,8/1/14,video,https://www.youtube.com/watch?v=LTeE_ncumJo
7,4,9/19/14,soundboard,https://archive.org/details/jrad2014-09-19.cmc621.sbd.matrix.flac16
8,5,9/20/14,soundboard,https://archive.org/details/jrad2014-09-20.cmc621.sbd.matrix.flac16
9,6,10/5/14,soundboard,https://archive.org/details/jrad2014-10-05.sbd.flac16
11,7,10/10/14,soundboard,https://archive.org/details/jrad2014-10-10.cmc621.sbd.matrix.flac16
12,7,10/10/14,audience,https://archive.org/details/JRAD2014-10-10
15,8,10/11/14,video,https://www.youtube.com/watch?v=CmcwDa5rfwE
16,8,10/11/14,video,https://www.youtube.com/watch?v=9rAZLVi5Az0
13,8,10/11/14,soundboard,https://archive.org/details/jrad2014-10-11.cmc621.sbd.matrix.flac16
14,8,10/11/14,audience,https://archive.org/details/jrad2014-10-11.fob.mc803.kindrec
17,9,11/2/14,video,https://www.youtube.com/watch?v=kZm8nOG6hhA
18,10,12/29/14,soundboard,"http://www.livedownloads.com/live-music/0,11763/PhilRAD-mp3-flac-download-12-29-2014-The-Capitol-Theatre-Port-Chester-NY.html"
19,10,12/29/14,audience,https://archive.org/details/philrad2014-12-29.cmc641xt.flac16
465,10,12/29/14,audience,https://archive.org/details/philrad2014-12-29.mk5.flac16
20,11,12/30/14,soundboard,"http://www.livedownloads.com/live-music/0,11765/PhilRAD-mp3-flac-download-12-30-2014-The-Capitol-Theatre-Port-Chester-NY.html"
21,11,12/30/14,audience,https://archive.org/details/philrad2014-12-30.cmc641xt.flac16
466,11,12/30/14,audience,https://archive.org/details/philrad2014-12-30.mk5.flac16
22,12,12/31/14,soundboard,"http://www.livedownloads.com/live-music/0,11764/PhilRAD-mp3-flac-download-12-31-2014-The-Capitol-Theatre-Port-Chester-NY.html"
23,12,12/31/14,audience,https://archive.org/details/philrad2014-12-31.cmc641xt.flac16
365,12,12/31/14,video,https://www.youtube.com/watch?v=QOnOHzR_424
467,12,12/31/14,audience,https://archive.org/details/philrad2014-12-31.mk5.flac16
24,13,1/23/15,soundboard,https://archive.org/details/jrad2015-01-23.cmc621.sbd.matrix.flac16
25,13,1/23/15,audience,https://archive.org/details/jrad2015-01-23.cmc65xt.flac16
26,14,1/24/15,soundboard,https://archive.org/details/jrad2015-01-24.cmc621.sbd.matrix.flac16
27,14,1/24/15,audience,https://archive.org/details/jrad2015-01-24.cmc65xt.flac16
459,14,1/24/15,video,https://www.youtube.com/watch?v=iCqTmaRaVa4
28,15,2/5/15,soundboard,https://archive.org/details/jrad2015-02-05.cmc621.sbd.matrix.flac16
29,15,2/5/15,audience,https://archive.org/details/JRAD2015-02-05
30,16,2/6/15,audience,https://archive.org/details/jrad2015-02-06.mk5.flac16
472,16,2/6/15,audience,http://bt.etree.org/details.php?torrentId=578009
31,17,2/7/15,audience,https://archive.org/details/jrad2015-02-07.dpa4011.flac16
473,17,2/7/15,audience,http://bt.etree.org/details.php?torrentId=578079
474,17,2/7/15,audience,http://bt.etree.org/details.php?torrentId=578080
32,18,2/8/15,audience,https://archive.org/details/JRAD2015-02-08._KM140
33,19,2/14/15,audience,https://archive.org/details/jrad2015-02-14.cmc641xt.flac16
475,19,2/14/15,audience,http://bt.etree.org/details.php?torrentId=578172
476,19,2/14/15,audience,http://bt.etree.org/details.php?torrentId=578171
34,20,2/15/15,audience,https://archive.org/details/jrad2015-02-15.cmc641xt.flac16
477,20,2/15/15,audience,http://bt.etree.org/details.php?torrentId=578297
478,20,2/15/15,audience,http://bt.etree.org/details.php?torrentId=578296
479,20,2/15/15,audience,http://bt.etree.org/details.php?torrentId=578192
35,21,2/16/15,audience,https://archive.org/details/jrad2015-02-16.cmc641xt.flac16
480,21,2/16/15,audience,http://bt.etree.org/details.php?torrentId=578206
481,21,2/16/15,audience,http://bt.etree.org/details.php?torrentId=578207
482,21,2/16/15,audience,http://bt.etree.org/details.php?torrentId=578220
36,22,4/22/15,soundboard,https://archive.org/details/jrad2015-04-22.cmc621.sbd.matrix.flac24
37,22,4/22/15,audience,http://bt.etree.org/details.php?id=579730
483,22,4/22/15,audience,http://bt.etree.org/details.php?torrentId=579766
484,22,4/22/15,audience,http://bt.etree.org/details.php?torrentId=579730
38,23,4/23/15,audience,https://archive.org/details/jrad2015-04-23.picklemic
39,24,4/24/15,audience,https://archive.org/details/jrad2015-04-24.akg481
40,25,4/25/15,soundboard,https://archive.org/details/jrad2015-04-25.cmc621.sbd.matrix.flac24
433,25,4/25/15,audience,https://archive.org/details/jrad2015-04-25.mk4v.flac16
485,25,4/25/15,audience,http://bt.etree.org/details.php?torrentId=579590
486,25,4/25/15,audience,http://bt.etree.org/details.php?torrentId=579591
41,26,5/1/15,soundboard,https://archive.org/details/jrad2015-05-01.cmc621.sbd.matrix.flac16
42,26,5/1/15,audience,https://archive.org/details/jrad2015-05-01.busman.bsc2.flac16
488,26,5/1/15,audience,http://bt.etree.org/details.php?torrentId=579798
43,27,5/2/15,audience,https://archive.org/details/JRAD2015-05-02.ADK-TL.FLAC24
487,27,5/2/15,audience,http://bt.etree.org/details.php?torrentId=579683
44,28,5/9/15,soundboard,http://www.nyctaper.com/2015/05/joe-russos-almost-dead-may-9-2015-capitol-theatre-flacmp3streaming-matrix/
45,28,5/9/15,audience,https://archive.org/details/jrad2015-05-09.cmc622xt.flac16
489,28,5/9/15,audience,http://bt.etree.org/details.php?torrentId=579857
490,28,5/9/15,audience,http://bt.etree.org/details.php?torrentId=579856
491,28,5/9/15,audience,http://bt.etree.org/details.php?torrentId=579765
492,28,5/9/15,audience,http://bt.etree.org/details.php?torrentId=579764
493,28,5/9/15,audience,http://bt.etree.org/details.php?torrentId=579763
494,28,5/9/15,audience,http://bt.etree.org/details.php?torrentId=579762
46,29,5/16/15,audience,https://archive.org/details/jrad2015-05-16.mk41remaster.flac16
47,31,5/23/15,audience,https://archive.org/details/JRAD2015-05-23
48,32,5/24/15,soundboard,https://archive.org/details/jrad2015-05-24.cmc621.sbd.matrix.flac16
49,32,5/24/15,audience,https://archive.org/details/jrad2015-05-24.bin.flac16
50,33,5/30/15,soundboard,https://archive.org/details/jrad2015-05-30.cmc621.sbd.matrix.flac16
51,34,6/3/15,soundboard,https://archive.org/details/jrad2015-06-03.cmc55.sbd.matrix.flac16
426,34,6/3/15,video,https://www.youtube.com/watch?v=PtcfOy_GopQ
52,35,6/5/15,audience,https://archive.org/details/JRAD2015-06-05.nyctaper
495,35,6/5/15,audience,http://bt.etree.org/details.php?torrentId=580192
496,35,6/5/15,audience,http://bt.etree.org/details.php?torrentId=580845
497,35,6/5/15,audience,http://bt.etree.org/details.php?torrentId=580846
53,36,6/6/15,soundboard,https://archive.org/details/jrad2015-06-06.cmc621.sbd.matrix.flac16
54,38,7/5/15,audience,https://archive.org/details/jrad2015-07-05.k41.bsc1
56,39,7/10/15,audience,https://archive.org/details/jrad2015-07-10.m934b_16bit
57,40,8/8/15,audience,https://archive.org/details/JRAD2015-08-08
58,41,8/14/15,audience,https://archive.org/details/JRAD2015-08-14.JradPeachMusicFestivalScrantonPA
498,41,8/14/15,audience,http://bt.etree.org/details.php?torrentId=581946
499,41,8/14/15,audience,http://bt.etree.org/details.php?torrentId=581858
500,41,8/14/15,audience,http://bt.etree.org/details.php?torrentId=581779
59,42,8/22/15,soundboard,https://archive.org/details/jrad2015-08-22.sbd.flac16
60,45,9/19/15,audience,https://archive.org/details/jrad2015-09-19.ca14.flac16
335,45,9/19/15,audience,https://archive.org/details/jrad2015-09-19.bsc1.flac16
61,46,10/2/15,soundboard,https://archive.org/details/jrad2015-10-02.cmc621.sbd.matrix.flac16
62,46,10/2/15,audience,http://bt.etree.org/details.php?id=582670
501,46,10/2/15,audience,http://bt.etree.org/details.php?torrentId=582670
63,47,10/3/15,soundboard,https://archive.org/details/jrad2015-10-03.cmc621.sbd.matrix.flac16
348,47,10/3/15,pro-shot,https://www.youtube.com/watch?v=jzCy5em0Zew
64,48,10/4/15,soundboard,https://archive.org/details/jrad2015-10-04.cmc621.sbd.matrix.flac16
65,48,10/4/15,audience,http://bt.etree.org/details.php?id=582710
66,49,10/28/15,audience,https://archive.org/details/jrad2015-10-28.flac16
67,50,10/29/15,soundboard,https://archive.org/details/jrad2015-10-29.cmc621.sbd.matrix.flac16
68,51,10/30/15,audience,https://archive.org/details/jrad2015-10-30.brennecke.flac16
464,51,10/30/15,audience,https://archive.org/details/jrad2015-10-30.partial.peluso.flac16
69,52,10/31/15,audience,https://archive.org/details/JRAD2015-10-31.mk4.flac16.RD
70,53,11/27/15,audience,https://archive.org/details/jrad2015-11-27.Schoeps.mk41v.sxr4.flac16
71,54,11/28/15,audience,https://archive.org/details/jrad2015-11-28.Schoeps.mk4v.sxr4.flac16
72,55,12/11/15,soundboard,https://archive.org/details/jrad2015-12-11.cmc621.sbd.matrix.flac16
73,56,12/12/15,soundboard,https://archive.org/details/jrad2015-12-12.cmc621.sbd.matrix.flac16
74,56,12/12/15,audience,https://archive.org/details/jrad2015-12-12.zoom-h6.flac24
75,57,12/19/15,soundboard,https://archive.org/details/jrad2015-12-19.cmc621.sbd.matrix.flac16
76,57,12/19/15,audience,https://archive.org/details/jrad2015-12-19.audixhc.kindrec
502,57,12/19/15,audience,http://bt.etree.org/details.php?torrentId=583989
77,58,12/31/15,soundboard,https://archive.org/details/jrad2015-12-31.cmc65.sbd.matrix.flac16
78,58,12/31/15,audience,https://archive.org/details/JRAD2015-12-31.schoepsMK4V.travitz.flac16
79,59,1/1/16,soundboard,https://archive.org/details/jrad2016-01-01.mk41v.sbd.matrix.flac16
344,59,1/1/16,pro-shot,https://www.youtube.com/watch?v=CJIDXzv8_g4
80,60,1/2/16,soundboard,https://archive.org/details/jrad2016-01-02.mk41v.sbd.matrix.flac16
81,60,1/2/16,audience,https://archive.org/details/jrad2016-01-02.aud.senn441.wav16
503,61,1/6/16,audience,http://bt.etree.org/details.php?torrentId=584633
504,61,1/6/16,audience,http://bt.etree.org/details.php?torrentId=584917
82,62,1/7/16,video,https://www.youtube.com/watch?v=CBzC7RcJ_zY
83,62,1/7/16,video,https://www.youtube.com/watch?v=wuHnf0KIpPg
505,62,1/7/16,audience,http://bt.etree.org/details.php?torrentId=584932
84,63,2/10/16,soundboard,https://archive.org/details/jrad2016-02-10.cmc621.sbd.matrix.flac16
506,63,2/10/16,audience,http://bt.etree.org/details.php?torrentId=584991
86,64,2/11/16,video,https://www.youtube.com/watch?v=lVobAG8WIYw
87,64,2/11/16,video,https://www.youtube.com/watch?v=ITVjj1hhqAA
85,64,2/11/16,audience,https://archive.org/details/JRAD2016-02-11.JoeRussosAlmostDeadCollegeStMusicHallNewHavenCT
88,65,2/12/16,soundboard,https://archive.org/details/jrad2016-02-12.cmc621.mk41v.sbd.matrix.flac16
89,66,2/13/16,soundboard,https://archive.org/details/jrad2016-02-13.cmc621.mk41v.sbd.matrix.flac16
90,67,2/14/16,soundboard,https://archive.org/details/jrad2016-02-14.cmc621.sbd.matrix.flac16
91,68,3/24/16,unknown,https://archive.org/details/jrad2016-03-24.jrad2016-03-24
353,68,3/24/16,pro-shot,https://www.youtube.com/watch?v=tPYiYRBVyyE
338,69,3/25/16,video,https://www.youtube.com/watch?v=zrefc52l_tI
92,69,3/25/16,soundboard,https://archive.org/details/jrad2016-03-25.cmc621.cmc641vxt.sbd.matrix.flac16
339,70,3/26/16,video,https://www.youtube.com/watch?v=nS1_c2TIy84
93,70,3/26/16,soundboard,https://archive.org/details/jrad2016-03-26.cmc621.cmc641vxt.sbd.matrix.flac16
94,71,4/29/16,audience,https://archive.org/details/JRAD2016-04-29.JoyTheaterNOLA-MBHO440
95,72,4/30/16,audience,https://archive.org/details/JRAD2016-04-30.JoyTheaterNOLA-MBHO440
96,75,7/2/16,soundboard,https://archive.org/details/jrad2016-07-02.cmc621.sbd.matrix.flac16
97,76,7/3/16,soundboard,https://archive.org/details/JRAD2016-07-03.stream
98,77,8/13/16,audience,https://archive.org/details/jrad2016-08-13.tfunk260
507,77,8/13/16,audience,http://bt.etree.org/details.php?torrentId=588229
508,77,8/13/16,audience,http://bt.etree.org/details.php?torrentId=588201
509,77,8/13/16,audience,http://bt.etree.org/details.php?torrentId=594130
510,77,8/13/16,audience,http://bt.etree.org/details.php?torrentId=588265
511,77,8/13/16,audience,http://bt.etree.org/details.php?torrentId=588266
99,78,8/20/16,audience,https://archive.org/details/jrad-oregon-ridge-park-2016-08-20
100,79,8/25/16,soundboard,https://archive.org/details/jrad2016-08-25.cmc621.sbd.matrix.flac16
397,79,8/25/16,video,https://www.youtube.com/watch?v=dwNDl1XHlhc
101,80,8/26/16, matrix,https://archive.org/details/jrad2016-08-26.cmc621.sbd.matrix.flac16
512,80,8/26/16,audience,http://bt.etree.org/details.php?torrentId=588456
102,81,10/6/16,soundboard,https://archive.org/details/jrad2016-10-06.cmc621.cmc641vxt.sbd.matrix.flac16
103,82,10/7/16,soundboard,https://archive.org/details/jrad2016-10-07.cmc621.cmc641vxt.sbd.matrix.flac16
513,82,10/7/16,audience,http://bt.etree.org/details.php?torrentId=589185
104,83,10/8/16,soundboard,https://archive.org/details/jrad2016-10-08.cmc621.cmc641vxt.sbd.matrix.flac16
514,83,10/8/16,audience,http://bt.etree.org/details.php?torrentId=589196
105,84,11/11/16,audience,https://archive.org/details/jrad2016-11-11.flac16
107,85,11/12/16,video,https://www.youtube.com/watch?v=Aab7-U_1PQ8
108,85,11/12/16,video,https://www.youtube.com/watch?v=j7He3e_AIXE&t=980s
106,85,11/12/16,soundboard,https://archive.org/details/jrad2016-11-12.cmc621.sbd.matrix.flac16
109,86,11/26/16,soundboard,https://archive.org/details/jrad2016-11-26.cmc621.cmc641vxt.sbd.matrix.flac16
110,87,12/2/16,soundboard,https://archive.org/details/jrad2016-12-02.cmc621.cmc641vxt.sbd.matrix.flac16
111,88,12/4/16,soundboard,https://archive.org/details/jrad2016-12-04.cmc621.sbd.matrix.flac24
112,89,12/15/16,soundboard,https://archive.org/details/jrad2016-12-15.cmc621.sbd.matrix.flac16
113,90,12/16/16,soundboard,https://archive.org/details/jrad2016-12-16.cmc621.sbd.matrix.flac16
115,91,12/17/16,video,https://www.youtube.com/watch?v=bRTS3htBR44
116,91,12/17/16,video,https://www.youtube.com/watch?v=AcHjkZ8hruA
114,91,12/17/16,soundboard,https://archive.org/details/jrad2016-12-17.cmc621.sbd.matrix.flac24
117,92,12/28/16,soundboard,https://archive.org/details/jrad2016-12-28.cmc621.cmc641vxt.sbd.matrix.flac16
118,93,12/29/16,soundboard,https://archive.org/details/jrad2016-12-29.cmc621.cmc641vxt.sbd.matrix.flac16
120,94,12/30/16,soundboard,https://archive.org/details/jrad2016-12-30.cmc621.cmc641vxt.sbd.matrix.flac24
515,94,12/30/16,audience,http://bt.etree.org/details.php?torrentId=590605
121,95,12/31/16,soundboard,https://archive.org/details/jrad2016-12-31.cmc621.cmc65xt.sbd.matrix.flac16
123,96,1/12/17,soundboard,https://archive.org/details/jrad2017-01-12.cmc621.cmc64.sbd.matrix.flac16
124,97,1/13/17,soundboard,https://archive.org/details/jrad2017-01-13.cmc621.cmc64.sbd.matrix.flac24
125,97,1/13/17,audience,https://archive.org/details/jrad2017-01-13.peluso.ck21.flac24
516,97,1/13/17,audience,http://bt.etree.org/details.php?torrentId=590801
517,97,1/13/17,audience,http://bt.etree.org/details.php?torrentId=590802
126,98,1/14/17,soundboard,https://archive.org/details/jrad2017-01-14.cmc621.sbd.matrix.flac16
463,98,1/14/17,audience,https://archive.org/details/JRAD2017-01-14.AKG483
518,98,1/14/17,audience,http://bt.etree.org/details.php?torrentId=591029
127,99,1/15/17,soundboard,https://archive.org/details/jrad2017-01-15.cmc621.sbd.matrix.flac16
128,100,3/9/17,soundboard,https://archive.org/details/jrad2017-03-09.cmc621.cmc641vxt.sbd.matrix.flac16
130,101,3/10/17,soundboard,https://archive.org/details/jrad2017-03-10.cmc621.cmc641vxt.sbd.matrix.flac16
131,102,3/11/17,soundboard,https://archive.org/details/jrad2017-03-11.cmc621.cmc641vxt.sbd.matrix.flac16
133,103,3/16/17,soundboard,https://archive.org/details/jrad2017-03-16.cmc621.cmc641vxt.sbd.matrix.flac16
135,104,3/17/17,soundboard,https://archive.org/details/jrad2017-03-17.cmc621.cmc64.sbd.matrix.flac16
137,105,3/18/17,soundboard,https://archive.org/details/jrad2017-03-18.cmc621.sbd.matrix.flac16
462,105,3/18/17,audience,https://archive.org/details/jrad2017-03-18.flac16
519,105,3/18/17,audience,http://bt.etree.org/details.php?torrentId=591914
138,106,3/31/17,video,https://www.youtube.com/watch?v=41j4cbNS_OA
139,107,4/28/17,soundboard,https://archive.org/details/jrad2017-04-28.cmc621.cmc64.sbd.matrix.flac16
520,107,4/28/17,audience,http://bt.etree.org/details.php?torrentId=592853
521,107,4/28/17,audience,http://bt.etree.org/details.php?torrentId=592669
522,107,4/28/17,audience,http://bt.etree.org/details.php?torrentId=592670
523,107,4/28/17,audience,http://bt.etree.org/details.php?torrentId=592671
140,108,4/29/17,soundboard,https://archive.org/details/jrad2017-04-29.cmc621.cmc64.sbd.matrix.flac16
524,108,4/29/17,audience,http://bt.etree.org/details.php?torrentId=592718
525,108,4/29/17,audience,http://bt.etree.org/details.php?torrentId=592719
526,108,4/29/17,audience,http://bt.etree.org/details.php?torrentId=592720
142,109,5/5/17,soundboard,https://archive.org/details/jrad2017-05-05.cmc621.cmc64.sbd.matrix.flac16
143,110,5/6/17,soundboard,https://archive.org/details/jrad2017-05-06.cmc621.cmc64.sbd.matrix.flac16
144,111,5/7/17,soundboard,https://archive.org/details/jrad2017-05-07.cmc621.cmc64.sbd.matrix.flac16
145,112,6/3/17,soundboard,https://archive.org/details/jrad2017-06-03.cmc621.sbd.matrix.flac16
527,112,6/3/17,audience,http://bt.etree.org/details.php?torrentId=593437
147,113,7/16/17,soundboard,https://archive.org/details/jrad2017-07-16.cmc621.cmc64.sbd.matrix.flac24
148,113,7/16/17,audience,https://archive.org/details/JRAD2017-07-16.aud.senn8040.flac24
414,113,7/16/17,video,https://www.youtube.com/watch?v=IdTruvIqEMw
149,114,7/21/17,soundboard,https://archive.org/details/jrad2017-07-21.cmc621.cmc641vxt.sbd.matrix.flac16
150,115,7/22/17,soundboard,https://archive.org/details/jrad2017-07-22.cmc621.cmc641vxt.sbd.matrix.flac16
151,116,8/10/17,soundboard,https://www.munck-music.com/products/joe-russos-almost-dead-live-at-2017-peach-music-festival
152,116,8/10/17,audience,https://archive.org/details/grad2017-08-10.elam260.ck8.f8.flac
460,116,8/10/17,audience,https://archive.org/details/jrad2017-08-10.mk4_24bit
461,116,8/10/17,audience,http://bt.etree.org/details.php?torrentId=594586
528,116,8/10/17,audience,http://bt.etree.org/details.php?torrentId=595538
529,116,8/10/17,audience,http://bt.etree.org/details.php?torrentId=595367
154,118,8/26/17,soundboard,https://archive.org/details/jrad2017-08-26.cmc621.cmc64.sbd.matrix.flac24
156,119,8/31/17,soundboard,https://archive.org/details/jrad2017-08-31.cmc621.cmc64.sbd.matrix.flac16
341,119,8/31/17,pro-shot,https://www.youtube.com/watch?v=mknicULdGy8
530,119,8/31/17,audience,http://bt.etree.org/details.php?torrentId=595070
157,120,9/2/17,audience,https://archive.org/details/jrad-ncmf2017
158,121,10/5/17,soundboard,https://archive.org/details/jrad2017-10-05.cmc621.cmc641vxt.sbd.matrix.flac16
159,121,10/5/17,audience,https://archive.org/details/JRAD2017-10-05.aud.senn8040.flac.24
379,121,10/5/17,video,https://www.youtube.com/watch?v=XMhi8h6Dgt0
161,122,10/6/17,soundboard,https://archive.org/details/jrad2017-10-06.cmc621.cmc641vxt.sbd.matrix.flac16
163,123,10/7/17,soundboard,https://archive.org/details/jrad2017-10-07.cmc621.cmc641vxt.sbd.matrix.flac24
358,123,10/7/17,pro-shot,https://www.youtube.com/watch?v=NdGziFG68eY
164,124,10/12/17,soundboard,https://archive.org/details/jrad2017-10-12.cmc621.cmc641vxt.sbd.matrix.flac16
165,124,10/12/17,audience,https://archive.org/details/JRAD2017-10-12.aud.senn8040.earthworksTC25.flac24
413,124,10/12/17,video,https://www.youtube.com/watch?v=paOkb4I-L0c
167,125,10/13/17,soundboard,https://archive.org/details/jrad2017-10-13.cmc621.cmc641vxt.sbd.matrix.flac16
169,126,10/14/17,soundboard,https://archive.org/details/jrad2017-10-14.cmc621.cmc641vxt.sbd.matrix.flac24
171,127,10/26/17,video,https://www.youtube.com/watch?v=5bZM8jmnY8A
172,128,11/9/17,soundboard,https://archive.org/details/jrad2017-11-09.cmc621.cmc64.sbd.matrix.flac16
173,128,11/9/17,audience,https://archive.org/details/russo2017-11-09.travitz.schoepsMK4V.flac16
430,128,11/9/17,video,https://www.youtube.com/watch?v=ksUZxad5nv8
174,129,11/10/17,soundboard,https://archive.org/details/jrad2017-11-10.cmc621.cmc64.sbd.matrix.flac16
175,129,11/10/17,audience,https://archive.org/details/russo2017-11-10.travitz.schoepsMK4V.flac16
429,129,11/10/17,video,https://www.youtube.com/watch?v=B1atkoRGJ_A
2,130,11/11/17,soundboard,https://archive.org/details/jrad2017-11-11.cmc621.cmc64.sbd.matrix.flac16
177,130,11/11/17,audience,https://archive.org/details/jrad2017-11-11.theocelot_akg
387,130,11/11/17,video,https://www.youtube.com/watch?v=TftNpXKnSTI
178,131,11/24/17,soundboard,https://archive.org/details/jrad2017-11-24.cmc621.cmc64.sbd.matrix.flac16
342,131,11/24/17,pro-shot,https://www.youtube.com/watch?v=ZhCBzyPFyac
179,131,11/24/17,audience,https://archive.org/details/jrad2017-11-24
181,132,11/25/17,soundboard,https://archive.org/details/jrad2017-11-25.cmc621.cmc64.sbd.matrix.flac16
182,132,11/25/17,audience,https://archive.org/details/jrad2017-11-25.akg300.flac16
531,132,11/25/17,audience,http://bt.etree.org/details.php?torrentId=596566
184,134,12/8/17,soundboard,https://archive.org/details/jrad2017-12-08.cmc621.cmc641vxt.cmc622.sbd.matrix.flac16
185,134,12/8/17,audience,https://archive.org/details/russo2017-12-08.travitz.schoepMK4v.flac16
532,134,12/8/17,audience,http://bt.etree.org/details.php?torrentId=596743
186,135,12/9/17,soundboard,https://archive.org/details/jrad2017-12-09.cmc621.cmc641vxt.cmc622.sbd.matrix.flac24
187,135,12/9/17,audience,https://archive.org/details/russo2017-12-09.travitz.schoepsMK4v.flac16
533,135,12/9/17,audience,http://bt.etree.org/details.php?torrentId=596743
188,136,1/12/18,soundboard,https://archive.org/details/jrad2018-01-12.cmc621.cmc641vxt.sbd.matrix.flac16
189,136,1/12/18,audience,https://archive.org/details/russo2018-01-12.travitz.schoepsMK4v.flac16
191,137,1/13/18,soundboard,https://archive.org/details/jrad2018-01-13.cmc621.cmc641vxt.sbd.matrix.flac16
192,137,1/13/18,audience,https://archive.org/details/jrad2018-01-13.km184
194,138,1/14/18,soundboard,https://archive.org/details/jrad2018-01-14.cmc621.cmc641vxt.sbd.matrix.flac16
195,138,1/14/18,audience,https://archive.org/details/jrad2018-01-14.km184
534,138,1/14/18,audience,http://bt.etree.org/details.php?torrentId=597433
197,139,2/15/18,soundboard,https://archive.org/details/jrad2018-02-15.cmc621.cmc64.sbd.matrix.flac16
351,139,2/15/18,pro-shot,https://www.youtube.com/watch?v=AHIxLtTkJxk
198,139,2/15/18,audience,https://archive.org/details/jrad2018-02-15.flac16
535,139,2/15/18,audience,http://bt.etree.org/details.php?torrentId=598082
536,139,2/15/18,audience,http://bt.etree.org/details.php?torrentId=598105
537,139,2/15/18,audience,http://bt.etree.org/details.php?torrentId=598106
538,139,2/15/18,audience,http://bt.etree.org/details.php?torrentId=598107
200,140,2/16/18,soundboard,https://archive.org/details/jrad2018-02-16.cmc621.cmc64.sbd.matrix.flac24
201,140,2/16/18,audience,https://archive.org/details/jrad2018-02-16.Gefell
203,141,2/17/18,audience,https://archive.org/details/jrad2018-02-17.akg481
457,141,2/17/18,pro-shot,https://www.youtube.com/watch?v=vTi9pNKUTMw
458,141,2/17/18,pro-shot,https://www.youtube.com/watch?v=4yu7PFu36-o
204,142,2/18/18,soundboard,https://archive.org/details/jrad2018-02-18.cmc621.cmc64.sbd.matrix.flac16
350,142,2/18/18,pro-shot,https://www.youtube.com/watch?v=iaivr2IFuDM
205,142,2/18/18,audience,https://archive.org/details/jrad2018-02-18.picklemic
407,142,2/18/18,video,https://www.youtube.com/watch?v=KfZGcdEPLwI
206,143,3/8/18,soundboard,https://archive.org/details/jrad2018-03-08.cmc621.cmc641vxt.sbd.matrix.flac16
207,143,3/8/18,audience,https://archive.org/details/JRAD2018-03-08.aud.senn8040.flac24
209,144,3/9/18,soundboard,https://archive.org/details/jrad2018-03-09.cmc621.cmc641vxt.sbd.matrix.flac16
210,144,3/9/18,audience,https://archive.org/details/russo2018-03-09.travitz.schoepsMK4V.flac16
539,144,3/9/18,audience,http://bt.etree.org/details.php?torrentId=598508
540,144,3/9/18,audience,http://bt.etree.org/details.php?torrentId=598502
212,145,3/10/18,soundboard,https://archive.org/details/jrad2018-03-10.cmc621.cmc641vxt.sbd.matrix.flac16
213,145,3/10/18,audience,https://archive.org/details/russo2018-03-10.travitz.schoepsMK4V.flac16
381,145,3/10/18,video,https://www.youtube.com/watch?v=eLP2EMApDcE
541,145,3/10/18,audience,http://bt.etree.org/details.php?torrentId=598551
215,146,3/15/18,soundboard,https://archive.org/details/jrad2018-03-15.cmc621.cmc64.sbd.matrix.flac16
216,146,3/15/18,audience,https://archive.org/details/JRAD2018-03-15
412,146,3/15/18,video,https://www.youtube.com/watch?v=JUFw3pDPyIU
542,146,3/15/18,audience,http://bt.etree.org/details.php?torrentId=598875
543,146,3/15/18,audience,http://bt.etree.org/details.php?torrentId=598876
544,146,3/15/18,audience,http://bt.etree.org/details.php?torrentId=598647
545,146,3/15/18,audience,http://bt.etree.org/details.php?torrentId=598655
217,147,3/16/18,soundboard,https://archive.org/details/jrad2018-03-16.cmc621.cmc64.sbd.matrix.flac24
218,147,3/16/18,audience,https://archive.org/details/JRAD2018-03-16
219,148,3/17/18,soundboard,https://archive.org/details/jrad2018-03-17.cmc621.cmc64.sbd.matrix.flac16
220,148,3/17/18,audience,https://archive.org/details/jrad2018-03-17.nickspicks
546,148,3/17/18,audience,http://bt.etree.org/details.php?torrentId=598654
222,149,4/21/18,soundboard,https://archive.org/details/jrad2018-04-21.cmc621.cmc64.sbd.matrix.flac16
547,149,4/21/18,audience,http://bt.etree.org/details.php?torrentId=599167
224,150,5/4/18,soundboard,https://archive.org/details/jrad2018-05-04.cmc621.cmc64.sbd.matrix.flac16
352,150,5/4/18,pro-shot,https://www.youtube.com/watch?v=5hPCaCW9DHM
382,150,5/4/18,video,https://www.youtube.com/watch?v=A4T1grYq0XA
226,151,5/5/18,soundboard,https://archive.org/details/jrad2018-05-05.cmc621.cmc64.sbd.matrix.flac16
345,151,5/5/18,pro-shot,https://www.youtube.com/watch?v=1mz43B4cK1I
421,151,5/5/18,video,https://www.youtube.com/watch?v=ln_XcEbRvrU
228,152,6/16/18,soundboard,https://archive.org/details/jrad2018-06-16.cmc621.cmc64.sbd.matrix.flac24
230,153,7/13/18,soundboard,https://archive.org/details/jrad2018-07-13.cmc621.cmc64.sbd.matrix.flac24
231,154,7/14/18,soundboard,https://archive.org/details/jrad2018-07-14.cmc621.cmc64.sbd.matrix.flac16
232,154,7/14/18,audience,https://archive.org/details/JRAD2018-07-14.aud.senn8040.nico11104.flac24
233,155,7/15/18,soundboard,https://archive.org/details/jrad2018-07-15.cmc621.sbd.matrix.flac16
234,155,7/15/18,audience,https://archive.org/details/jrad2018-07-15.schoepsCMC6mk4-TascsamDR70d-24bit
235,156,7/19/18,soundboard,https://archive.org/details/jrad2018-07-19.cmc621.cmc64.sbd.matrix.flac16
236,156,7/19/18,audience,https://archive.org/details/JRAD2018-07-19.aud.senn8040.nico11104.flac24
237,157,7/20/18,soundboard,https://archive.org/details/jrad2018-07-20.cmc621.cmc64.sbd.matrix.flac16
240,158,7/21/18,video,https://www.youtube.com/watch?v=uOdP0o4fOm4
238,158,7/21/18,soundboard,https://www.munck-music.com/products/joe-russos-almost-dead-live-at-2018-peach-music-festival
239,158,7/21/18,audience,https://archive.org/details/jrad2018-07-21.litz.neumannKM150.flac16
456,158,7/21/18,audience,https://archive.org/details/jrad2018-07-21.mbhoka200.akgck1.akgck92.flac16.matrix
548,158,7/21/18,audience,http://bt.etree.org/details.php?torrentId=602086
549,158,7/21/18,audience,http://bt.etree.org/details.php?torrentId=600788
550,158,7/21/18,audience,http://bt.etree.org/details.php?torrentId=600444
551,158,7/21/18,audience,http://bt.etree.org/details.php?torrentId=600809
552,158,7/21/18,audience,http://bt.etree.org/details.php?torrentId=600810
241,159,8/2/18,audience,https://archive.org/details/jrad2018-08-02.m934b_24bit
242,160,8/10/18,soundboard,https://archive.org/details/jrad2018-08-10.cmc621.cmc64.sbd.matrix.flac16
243,160,8/10/18,audience,https://archive.org/details/jrad2018-08-10.busmanbsc1
403,160,8/10/18,video,https://www.youtube.com/watch?v=Vj4SpsZ4J4U
244,161,8/11/18,soundboard,https://archive.org/details/jrad2018-08-11.cmc621.cmc64.sbd.matrix.flac16
245,161,8/11/18,audience,https://archive.org/details/joer2018-08-11
246,162,8/12/18,soundboard,https://archive.org/details/jrad2018-08-12.cmc621.cmc64.sbd.matrix.flac16
410,162,8/12/18,video,https://www.youtube.com/watch?v=GhAng7bBOiw
417,162,8/12/18,video,https://www.youtube.com/watch?v=GVqRfvynBpQ
247,163,8/16/18,soundboard,https://archive.org/details/jrad2018-08-16.cmc621.cmc64.sbd.matrix.flac16
248,163,8/16/18,audience,https://archive.org/details/russo2018-08-16.travitz.neumannKM185.flac16
370,163,8/16/18,video,https://www.youtube.com/watch?v=SvMmFtqjuno
553,163,8/16/18,audience,http://bt.etree.org/details.php?torrentId=601012
554,163,8/16/18,audience,http://bt.etree.org/details.php?torrentId=600979
555,163,8/16/18,audience,http://bt.etree.org/details.php?torrentId=600973
556,163,8/16/18,audience,http://bt.etree.org/details.php?torrentId=600972
250,164,8/23/18,video,https://www.youtube.com/watch?v=jVSf04PyUeM
249,164,8/23/18,soundboard,https://archive.org/details/jrad2018-08-23.cmc621.cmc64.sbd.matrix.flac16
251,165,8/24/18,soundboard,https://archive.org/details/jrad2018-08-24.cmc621.cmc64.sbd.matrix.flac16
253,166,9/8/18,soundboard,https://archive.org/details/jrad2018-09-08.cmc621.cmc64.sbd.matrix.flac16
254,166,9/8/18,audience,https://archive.org/details/JRAD2018-09-08.akg483.flac16
255,167,10/18/18,soundboard,https://archive.org/details/jrad2018-10-18.cmc621.cmc64.sbd.matrix.flac16
557,167,10/18/18,audience,http://bt.etree.org/details.php?torrentId=602488
256,168,10/19/18,soundboard,https://archive.org/details/JRAD2018-10-19.TowerTheater.Flac16
349,168,10/19/18,pro-shot,https://www.youtube.com/watch?v=freZl_oxA_g
257,169,10/20/18,soundboard,https://archive.org/details/jrad2018-10-20.cmc621.cmc64.sbd.matrix.flac16
258,169,10/20/18,audience,https://archive.org/details/jrad2018-10-20
388,169,10/20/18,video,https://www.youtube.com/watch?v=SfZLUM3LE1k
558,169,10/20/18,audience,http://bt.etree.org/details.php?torrentId=602287
259,170,10/25/18,soundboard,https://archive.org/details/jrad2018-10-25.cmc621.cmc64.sbd.matrix.flac16
260,171,11/8/18,audience,https://archive.org/details/jrad2018-11-08.akg-c568eb.logrippo.flac2448
455,171,11/8/18,video,https://www.youtube.com/watch?v=8T3ACWkEcM8
559,171,11/8/18,audience,http://bt.etree.org/details.php?torrentId=602983
263,172,11/9/18,video,https://www.youtube.com/watch?v=JpwClgYG0p4
261,172,11/9/18,soundboard,https://archive.org/details/jrad2018-11-09.cmc621.cmc64.sbd.matrix.flac16
262,172,11/9/18,audience,https://archive.org/details/jrad2018-11-09.akg-c568eb.logrippo.flac2448
356,172,11/9/18,pro-shot,https://www.youtube.com/watch?v=n2psXpIDNjU
366,172,11/9/18,video,https://www.youtube.com/watch?v=muhv4miCT-c
373,172,11/9/18,video,https://www.youtube.com/watch?v=0kb6xk1uuLc
560,172,11/9/18,audience,http://bt.etree.org/details.php?torrentId=602985
264,173,11/10/18,soundboard,https://archive.org/details/jrad2018-11-10.cmc621.cmc64.sbd.matrix.flac16
266,174,11/11/18,video,https://www.youtube.com/watch?v=3CBo4FJ2mvM
265,174,11/11/18,soundboard,https://archive.org/details/jrad2018-11-11.cmc621.cmc64.sbd.matrix.flac16
267,175,1/18/19,soundboard,https://archive.org/details/jrad2019-01-18.cmc621.cmc65xt.sbd.matrix.flac16
268,175,1/18/19,audience,https://archive.org/details/JRAD2019-01-18.aud.mkh8040.c480bck63.nico11104.flac24
380,175,1/18/19,video,https://www.youtube.com/watch?v=mhLQpX-_EKM
269,176,1/19/19,soundboard,https://archive.org/details/jrad2019-01-19.cmc621.cmc65xt.sbd.matrix.flac16
270,176,1/19/19,audience,https://archive.org/details/jrad2019-01-19.km184
271,177,1/20/19,soundboard,https://archive.org/details/jrad2019-01-20.cmc621.cmc65xt.sbd.matrix.flac16
336,177,1/20/19,audience,https://archive.org/details/JRAD2019-01-20.aud.C480B.C414XLS.nico11104.flac24
272,178,2/14/19,soundboard,https://archive.org/details/jrad2019-02-14.cmc621.cmc64.sbd.matrix.flac24
354,178,2/14/19,pro-shot,https://www.youtube.com/watch?v=nSD2Kq1ih7M
273,178,2/14/19,audience,https://archive.org/details/jrad2019-02-14.akg483.flac16
424,178,2/14/19,video,https://www.youtube.com/watch?v=eF9GwG2-bUg
274,179,2/15/19,soundboard,https://archive.org/details/jrad2019-02-15.cmc621.cmc64.sbd.matrix.flac24
275,179,2/15/19,audience,https://archive.org/details/jrad2019-02-15.mk41v.mk21.flac16
276,180,2/16/19,soundboard,https://archive.org/details/jrad2019-02-16.cmc621.cmc64.sbd.matrix.flac24
343,181,2/17/19,pro-shot,https://www.youtube.com/watch?v=v72W-S-hMsk
277,181,2/17/19,audience,https://archive.org/details/jrad2019-02-17.picklemic
422,181,2/17/19,video,https://www.youtube.com/watch?v=aKqUbfzDQoo
431,181,2/17/19,video,https://www.youtube.com/watch?v=rqXUwRpKnBw
278,182,3/1/19,soundboard,https://archive.org/details/jrad2019-03-01.cmc621.cmc64.sbd.matrix.flac24
346,182,3/1/19,pro-shot,https://www.youtube.com/watch?v=UbJaozcBWAU
279,182,3/1/19,audience,https://archive.org/details/jrad2019-03-01
280,183,3/2/19,soundboard,https://archive.org/details/jrad2019-03-02.cmc621.cmc64.sbd.matrix.flac16
376,183,3/2/19,video,https://www.youtube.com/watch?v=r1eyaLuY3QY
446,183,3/2/19,video,https://www.youtube.com/watch?v=JOyW993YFGY
281,184,3/3/19,soundboard,https://archive.org/details/jrad2019-03-03.cmc621.cmc64.sbd.matrix.flac16
282,184,3/3/19,audience,https://archive.org/details/jrad2019-03-03
394,184,3/3/19,video,https://www.youtube.com/watch?v=acbfGWLFuI4
283,185,3/13/19,soundboard,https://archive.org/details/jrad2019-03-13.cmc621.cmc64.sbd.matrix.flac24
284,185,3/13/19,audience,https://archive.org/details/JRAD2019-03-13.Aud.Matrix.Flac16
374,185,3/13/19,video,https://www.youtube.com/watch?v=GUlPVpIqtP0
415,185,3/13/19,video,https://www.youtube.com/watch?v=j6_Oa9UFuwg
285,186,3/14/19,soundboard,https://archive.org/details/jrad2019-03-14.cmc621.cmc64.sbd.matrix.flac24
402,186,3/14/19,video,https://www.youtube.com/watch?v=W49CowH524g
286,187,3/15/19,soundboard,https://archive.org/details/jrad2019-03-15.cmc621.cmc64.sbd.matrix.flac24
287,187,3/15/19,audience,https://archive.org/details/jrad2019-03-15.travitz.schoepsMK4v.flac16
359,187,3/15/19,video,https://www.youtube.com/watch?v=ZZSc18PP5gI
389,187,3/15/19,video,https://www.youtube.com/watch?v=VSssx234g3M
288,188,3/16/19,soundboard,https://archive.org/details/jrad2019-03-16.cmc621.cmc64.sbd.matrix.flac16/
289,188,3/16/19,audience,https://archive.org/details/jrad2019-03-16
364,188,3/16/19,video,https://www.youtube.com/watch?v=oinHjiOCtSk
290,189,4/19/19,soundboard,https://archive.org/details/jrad2019-04-19.cmc621.cmc64.sbd.matrix.flac24
291,189,4/19/19,audience,https://archive.org/details/jrad2019-04-19
292,190,4/26/19,soundboard,https://archive.org/details/jrad2019-04-26.cmc621.cmc64.sbd.matrix.flac16
428,190,4/26/19,video,https://www.youtube.com/watch?v=8M3YF9tqL9A
293,191,4/27/19,soundboard,https://archive.org/details/jrad2019-04-27.cmc621.cmc64.sbd.matrix.flac16
372,191,4/27/19,video,https://www.youtube.com/watch?v=B5FnxZOCzjg
294,192,5/31/19,soundboard,https://archive.org/details/jrad2019-05-31.cmc621.cmc64.sbd.matrix.flac24
295,192,5/31/19,audience,https://archive.org/details/jrad2019-05-31
384,192,5/31/19,video,https://www.youtube.com/watch?v=eQSRCjKkXvw
386,192,5/31/19,video,https://www.youtube.com/watch?v=5k2xdtQ09fI
296,193,6/1/19,soundboard,https://archive.org/details/jrad2019-06-01.cmc621.cmc64.sbd.matrix.flac24
297,193,6/1/19,audience,https://archive.org/details/jrad2019-06-01.Nak300.CP4.flac24
298,194,6/2/19,soundboard,https://archive.org/details/jrad2019-06-02.cmc64.sbd.matrix.flac16
299,194,6/2/19,audience,https://archive.org/details/jrad2019-06-02
300,195,6/14/19,audience,https://archive.org/details/jrad2019-06-14
454,195,6/14/19,audience,https://archive.org/details/jrad2019-06-14.spyder9.flac16
301,196,6/15/19,soundboard,https://archive.org/details/jrad2019-06-15.cmc621.cmc64.sbd.matrix.flac16
409,196,6/15/19,video,https://www.youtube.com/watch?v=eg_JVp-DGyc
302,197,7/11/19,soundboard,https://archive.org/details/jrad2019-07-11.cmc621.cmc64.sbd.matrix.flac24
303,197,7/11/19,audience,https://archive.org/details/jrad2019-07-11.akg481
385,197,7/11/19,video,https://www.youtube.com/watch?v=4FmFEA6k770
400,197,7/11/19,video,https://www.youtube.com/watch?v=cvN5J_E0drA
411,197,7/11/19,video,https://www.youtube.com/watch?v=Ru7o5LPFhy4
304,198,7/13/19,soundboard,https://archive.org/details/jrad2019-07-13.cmc621.cmc64.sbd.matrix.flac16
361,198,7/13/19,pro-shot,https://www.youtube.com/watch?v=3xdzMi6eh5M
306,199,7/27/19,video,https://www.youtube.com/watch?v=mccbbvPimnY
305,199,7/27/19,audience,https://archive.org/details/ajrad2019-07-27.travitz.litz.schoepsMK4v.flac16
369,199,7/27/19,video,https://www.youtube.com/watch?v=A1rI_ri7_1E
423,199,7/27/19,video,https://www.youtube.com/watch?v=9QTpiCXSQXA
453,199,7/27/19,audience,https://archive.org/details/jrad2019-07-27.mbhoka200.akgck63.matrix.flac16
307,200,7/28/19,audience,https://archive.org/details/jrad2019-07-28.BurlingtonVT
309,201,8/16/19,audience,https://archive.org/details/jrad2019-08-16.pavicich_oc818
378,201,8/16/19,video,https://www.youtube.com/watch?v=wIGoyTLkPbs
396,201,8/16/19,video,https://www.youtube.com/watch?v=ZNyNGiCsLhw
310,202,8/17/19,video,https://www.youtube.com/watch?v=xu1lkp0EiLE
347,202,8/17/19,pro-shot,https://www.youtube.com/watch?v=owybkfVxjZs
340,202,8/17/19,audience,https://archive.org/details/jrad2019-08-17.MK012
452,202,8/17/19,audience,https://archive.org/details/jrad2019-08-17
311,203,8/22/19,soundboard,https://archive.org/details/jrad2019-08-22.cmc621.cmc64.sbd.matrix.flac24
312,204,8/29/19,soundboard,https://archive.org/details/jrad2019-08-29.cmc621.cmc64.sbd.matrix.flac16
313,204,8/29/19,audience,https://archive.org/details/jrad2019-08-29.travitz.litz.schoepsCMC64v.flac16
362,204,8/29/19,pro-shot,https://www.youtube.com/watch?v=szky-sP7ok4
367,204,8/29/19,video,https://www.youtube.com/watch?v=pmNe9P-I9fc
391,204,8/29/19,video,https://www.youtube.com/watch?v=RrGiqXPZyJc
399,204,8/29/19,video,https://www.youtube.com/watch?v=2EVqkrT9ytQ
401,204,8/29/19,video,https://www.youtube.com/watch?v=lq7_cE1wUog
314,205,9/12/19,soundboard,https://archive.org/details/jrad2019-09-12.cmc621.cmc64.sbd.matrix.flac24
315,205,9/12/19,audience,https://archive.org/details/jrad2019-09-12.NeumannTLM102
316,206,9/13/19,audience,https://archive.org/details/jrad2019-09-13.ck63
377,206,9/13/19,video,https://www.youtube.com/watch?v=ysW9NQrzsDA
420,206,9/13/19,video,https://www.youtube.com/watch?v=cnteS3VQoR8
317,207,9/14/19,audience,https://archive.org/details/jrad2019-09-14.akg483.flac16
451,207,9/14/19,audience,https://archive.org/details/jrad2019-09-14.aud.mkh8040.c481b.mkh30.nico11104.flac24
318,208,9/26/19,soundboard,https://archive.org/details/jrad2019-09-26.cmc621.cmc64.sbd.matrix.flac16
319,208,9/26/19,audience,https://archive.org/details/JRAD2019-09-26.SPC4.Flac24
368,208,9/26/19,video,https://www.youtube.com/watch?v=KvESUYg6MJ0
320,209,9/27/19,soundboard,https://archive.org/details/jrad2019-09-27.cmc621.cmc64.sbd.matrix.flac16
321,209,9/27/19,audience,https://archive.org/details/jrad2019-09-27.travitz.schoepsMK4v.flac16
322,210,9/28/19,soundboard,https://archive.org/details/jrad2019-09-28.cmc621.cmc64.sbd.matrix.flac16
375,210,9/28/19,video,https://www.youtube.com/watch?v=KBpyDK4FNFo
404,210,9/28/19,video,https://www.youtube.com/watch?v=FyVXq4VBV3M
324,211,10/27/19,soundboard,https://archive.org/details/jrad2019-10-27.cmc621.cmc64.sbd.matrix.flac24
325,212,11/25/19,soundboard,https://archive.org/details/jrad2019-11-25.cmc621.cmc641vxt.sbd.matrix.flac24
371,212,11/25/19,video,https://www.youtube.com/watch?v=_-mxT_Cw-RU
383,212,11/25/19,video,https://www.youtube.com/watch?v=te10MlPnL4s
406,212,11/25/19,video,https://www.youtube.com/watch?v=LxNkgWyizFE
408,212,11/25/19,video,https://www.youtube.com/watch?v=sHXetrvYmgI
326,213,2/21/20,soundboard,https://archive.org/details/jrad2020-02-21.cmc621.cmc641v.sbd.matrix.flac24
327,213,2/21/20,audience,https://archive.org/details/jrad2020-02-21.travitz.schoepsCMC64v.flac16
363,213,2/21/20,pro-shot,https://www.youtube.com/watch?v=w7IBiJf60hY
416,213,2/21/20,video,https://www.youtube.com/watch?v=RGYCzg4RjdI
432,213,2/21/20,video,https://www.youtube.com/watch?v=-jwjhWJqeD8
328,214,2/22/20,soundboard,https://archive.org/details/jrad2020-02-22.cmc621.cmc641v.sbd.matrix.flac24
329,214,2/22/20,audience,https://archive.org/details/jrad2020-02-22.travitz.schoepsCMC64v.flac16
357,214,2/22/20,pro-shot,https://www.youtube.com/watch?v=aynX8ewj1Rw
330,215,2/23/20,soundboard,https://archive.org/details/jrad2020-02-23.cmc621.cmc641v.sbd.matrix.flac24
355,215,2/23/20,pro-shot,https://www.youtube.com/watch?v=WosCVCy6QnI
331,215,2/23/20,audience,https://archive.org/details/jrad2020-02-23.antaya.mg21.flac16
393,215,2/23/20,video,https://www.youtube.com/watch?v=_AmQSKpNWWo
405,215,2/23/20,video,https://www.youtube.com/watch?v=EGbu49rL6fc
425,215,2/23/20,video,https://www.youtube.com/watch?v=vu0Uw7xuGHM
434,215,2/23/20,video,https://www.youtube.com/watch?v=VBzI_G2fC38
334,216,10/1/20,video,https://www.youtube.com/watch?v=SRZD6hBUF6A
360,217,10/2/20,video,https://www.youtube.com/watch?v=fIf9sXYk_Aw
435,219,5/28/21,audience,https://archive.org/details/jrad2021-05-28.Z
436,219,5/28/21,audience,https://archive.org/details/jrad2021-05-28.aud.ck62.nbob.pfa.nico11104.flac24
437,219,5/28/21,video,https://www.youtube.com/watch?v=nS2TobcDI0E
438,219,5/28/21,pro-shot,https://www.youtube.com/watch?v=jbvUlXkUoWI
445,219,5/28/21,audience,https://archive.org/details/jrad2021-05-28.travitz.litz.schoepsCMC64v.flac16
448,219,5/28/21,soundboard,https://archive.org/details/jrad2021-05-28.cmc621.cmc65xt.sbd.matrix.flac16
439,220,5/29/21,audience,https://archive.org/details/jrad2021-05-29
444,220,5/29/21,audience,https://archive.org/details/jrad2021-05-29.travitz.litz.schoepsCMC64v.flac16
449,220,5/29/21,soundboard,https://archive.org/details/jrad2021-05-29.cmc621.cmc65xt.sbd.matrix.flac16
440,221,5/30/21,audience,https://archive.org/details/jrad2021-05-30
447,221,5/30/21,audience,https://archive.org/details/jrad2021-05-30.aud.ck62.nbob.pfa.nico11104.flac24
450,221,5/30/21,soundboard,https://archive.org/details/jrad2021-05-30.cmc621.cmc65xt.sbd.matrix.flac16
564,222,6/18/21,audience,https://archive.org/details/jrad2021-06-18.aud.ccm22.ck62.nico11104.flac24
565,222,6/18/21,audience,https://archive.org/details/jrad2021-06-18.JRAD2021-06-18JRAD2021-6-18
567,222,6/18/21,audience,https://archive.org/details/jrad2021-06-18
568,222,6/18/21,audience,http://bt.etree.org/details.php?id=612947
606,222,6/18/21,soundboard,https://archive.org/details/jrad2021-06-18.cmc621.cmc65xt.sbd.matrix.flac16
563,223,6/19/21,audience,https://archive.org/details/jrad2021-06-19.travitz.litz.schoepsCMC64v.flac16
566,223,6/19/21,audience,https://archive.org/details/jrad2021-06-19
570,223,6/19/21,audience,https://archive.org/details/jrad2021-06-19.JRAD2021-06-19JRAD2021-6-19
580,223,6/19/21,soundboard,https://archive.org/details/jrad2021-06-19.cmc621.cmc64.sbd.matrix.flac16
561,224,6/20/21,audience,https://archive.org/details/jrad2021-06-20
562,224,6/20/21,audience,https://archive.org/details/jrad2021-06-20.travitz.litz.schoepsCMC64v.flac16
569,224,6/20/21,audience,https://archive.org/details/jrad2021-06-20.aud.ccm22.nico11104.flac24
571,224,6/20/21,audience,https://archive.org/details/jrad2021-06-20.JRAD2021-06-20JRAD
579,224,6/20/21,soundboard,https://archive.org/details/jrad2021-06-20.cmc621.cmc65xt.sbd.matrix.flac24
572,225,7/2/21,audience,https://archive.org/details/jrad2021-07-02.travitz.litz.schoepsCMC64v.flac16
573,225,7/2/21,audience,https://archive.org/details/jrad2021-07-02
574,225,7/2/21,audience,http://bt.etree.org/details.php?torrentId=613188
575,225,7/2/21,audience,http://bt.etree.org/details.php?torrentId=613187
576,225,7/2/21,audience,https://archive.org/details/jrad2021-07-02.neumann_km150.sunboy.flac16
577,225,7/2/21,audience,http://bt.etree.org/details.php?torrentId=613260
578,225,7/2/21,audience,http://bt.etree.org/details.php?torrentId=613261
579,226,7/30/21,audience,https://archive.org/details/jrad2021-07-30.aud.ccm22.ck62.nico11104.flac24
610,226,7/30/21,soundboard,https://archive.org/details/jrad2021-07-30.cmc621.cmc65xt.sbd.matrix.flac16
611,227,7/31/21,soundboard,https://archive.org/details/jrad2021-07-31.cmc621.cmc65xt.sbd.matrix.flac16
581,228,8/14/21,audience,https://archive.org/details/jrad2021-08-14.travitz.litz.schoepsCMC64v.flac16
582,229,8/15/21,audience,https://archive.org/details/jrad2021-08-15.mc930.aud.flac24
583,229,8/15/21,audience,http://bt.etree.org/details.php?torrentId=613551
592,229,8/15/21,audience,https://archive.org/details/jrad2021-08-15.travitz.litz.schoepsCMC64v.flac16
584,230,8/19/21,audience,https://archive.org/details/JRAD2021-08-19.nfisher.schoeps.flac24
585,230,8/19/21,audience,https://archive.org/details/jrad2021-08-19.Flac
586,230,8/19/21,audience,https://archive.org/details/jrad2021-08-19
587,230,8/19/21,audience,http://bt.etree.org/details.php?torrentId=613554
655,230,8/19/21,soundboard,https://archive.org/details/jrad2021-08-19.cmc621.cmc64.sbd.matrix.flac16
589,231,8/20/21,audience,https://archive.org/details/jrad2021-08-20
644,231,8/20/21,soundboard,https://archive.org/details/jrad2021-08-20.cmc621.cmc64.sbd.matrix.flac16
588,232,8/21/21,audience,https://archive.org/details/JRAD2021-08-21.RodeNTG4Shotgun
669,233,8/23/21,soundboard,https://archive.org/details/jrad2021-08-23.cmc621.cmc64.sbd.matrix.flac16
590,234,9/4/21,audience,https://archive.org/details/jrad2021-09-04.JRADWestvilleMusicBowlNewHavenCT
591,234,9/4/21,audience,https://archive.org/details/jrad2021-09-04.travitz.litz.schoepsCMC64v.flac16
613,234,9/4/21,soundboard,https://archive.org/details/jrad2021-09-04.cmc621.cmc64.sbd.matrix.flac16
593,235,9/24/21,audience,https://archive.org/details/jrad2021-09-24
594,235,9/24/21,audience,http://bt.etree.org/details.php?torrentId=613965
595,235,9/24/21,audience,https://archive.org/details/jrad2021-09-24.peluso.flac24
596,235,9/24/21,audience,https://archive.org/details/jrad2021-09-24.m20.flac24
599,235,9/24/21,audience,https://archive.org/details/jrad2021-09-24.DPA4011
600,235,9/24/21,audience,https://archive.org/details/jrad2021-09-24.flac.24.bit
602,235,9/24/21,audience,http://bt.etree.org/details.php?torrentId=613976
603,235,9/24/21,audience,http://bt.etree.org/details.php?torrentId=613977
607,235,9/24/21,audience,http://bt.etree.org/details.php?torrentId=614346
608,235,9/24/21,audience,https://archive.org/details/jrad2021-09-24.jrad2021-09-24.mk41
620,235,9/24/21,soundboard,https://archive.org/details/jrad2021-09-24.cmc621.cmc64.sbd.matrix.flac16
597,236,9/25/21,audience,https://archive.org/details/jrad2021-09-25
601,236,9/25/21,audience,https://archive.org/details/jrad2021-09-25.flac.24
605,236,9/25/21,video,https://www.youtube.com/watch?v=7jFb0rpu9u8
621,236,9/25/21,soundboard,https://archive.org/details/jrad2021-09-25.cmc621.cmc64.sbd.matrix.flac16
604,238,10/7/21,audience,https://archive.org/details/jrad2021-10-07.aud.ccm22.ck63.nico11104.flac24
622,238,10/7/21,soundboard,https://archive.org/details/jrad2021-10-07.cmc621.cmc64.sbd.matrix.flac16
623,239,10/8/21,soundboard,https://archive.org/details/jrad2021-10-08.cmc621.cmc64.sbd.matrix.flac16
624,240,10/9/21,soundboard,https://archive.org/details/jrad2021-10-09.cmc621.cmc64.sbd.matrix.flac24
612,242,10/23/21,audience,https://archive.org/details/jrad2021-10-23.adka51
614,242,10/23/21,audience,https://archive.org/details/jrad2021-10-23.aud.jazzbuph.flac16
615,243,12/3/21,pro-shot,https://www.youtube.com/watch?v=ZNAGJg9AIOc
616,243,12/3/21,pro-shot,https://www.youtube.com/watch?v=pEz6pdGfhz4
617,243,12/3/21,audience,https://archive.org/details/jrad2021-12-03.dpa4022.flac24
618,243,12/3/21,audience,https://archive.org/details/jrad2021-12-03.ck930.flac24
619,243,12/3/21,audience,https://archive.org/details/jrad2021-12-03.akg61.stearns.flac16
639,243,12/3/21,soundboard,https://archive.org/details/jrad2021-12-03.cmc621.cmc64.sbd.matrix.flac16
625,244,2/10/22,audience,https://archive.org/details/JRAD2022-02-10.AUD.Matrix.Flac24
626,244,2/10/22,audience,https://archive.org/details/JRAD2022-02-10.SPC4.Flac16
630,244,2/10/22,audience,https://archive.org/details/jrad2022-02-10.travitz.litz.neumannKM185.flac16
641,244,2/10/22,soundboard,https://archive.org/details/jrad2022-02-10.cmc621.cmc64.sbd.matrix.flac16
627,245,2/11/22,audience,https://archive.org/details/JRAD2022-02-11.AKGCK61.Flac24
629,245,2/11/22,audience,https://archive.org/details/jrad2022-02-11.travitz.litz.neumannKM185.flac16
649,245,2/11/22,soundboard,https://archive.org/details/jrad2022-02-11.cmc621.cmc64.sbd.matrix.flac16
628,246,2/12/22,audience,https://archive.org/details/JRAD2022-02-12.AKGCK63.Flac24
631,246,2/12/22,audience,https://archive.org/details/jrad2022-02-12.travitz.litz.neumannKM185.flac16
650,246,2/12/22,soundboard,https://archive.org/details/jrad2022-02-12.cmc621.cmc64.sbd.matrix.flac16
632,251,4/28/22,audience,https://archive.org/details/jrad2022-04-28.Flac
633,253,4/30/22,audience,https://archive.org/details/jrad2022-04-30.m20.flac24
637,253,4/30/22,audience,http://bt.etree.org/details.php?torrentId=615534
651,253,4/30/22,audience,https://archive.org/details/jrad2022-04-30.jrad2022-04-30.DPA4011
634,254,5/1/22,audience,http://bt.etree.org/details.php?torrentId=615535
635,254,5/1/22,audience,https://archive.org/details/jrad2022-05-01
636,254,5/1/22,audience,https://archive.org/details/jrad2022-05-01.jrad
638,254,5/1/22,audience,http://bt.etree.org/details.php?torrentId=615539
640,254,5/1/22,audience,https://archive.org/details/jrad2022-05-01.ca14.flac16
642,255,5/14/22,audience,https://archive.org/details/jrad2022-05-14.aud.ck62.nbob.pfa.mkh8040.nico11104.flac24
643,255,5/14/22,audience,https://archive.org/details/jrad2022-05-14.travitz.schoepsCMC64v.flac24
648,255,5/14/22,soundboard,https://archive.org/details/jrad2022-05-14.cmc621.cmc64.sbd.matrix.flac16
645,258,6/1/22,audience,https://archive.org/details/jrad2022-06-01
652,258,6/1/22,soundboard,https://archive.org/details/jrad2022-06-01.cmc621.cmc64.sbd.matrix.flac16
646,259,6/2/22,audience,https://archive.org/details/jrad2022-06-02.schoeps
653,259,6/2/22,soundboard,https://archive.org/details/jrad2022-06-02.cmc621.cmc64.sbd.matrix.flac16
647,260,6/3/22,audience,https://archive.org/details/jrad2022-06-03
654,261,6/24/22,audience,https://archive.org/details/JRAD2022-06-24.JRAD2022-06-24
667,261,6/24/22,audience,https://archive.org/details/jrad2022-06-24.schoeps_mk4v_flac24
656,262,7/1/22,audience,https://archive.org/details/jrad2022-07-01
657,262,7/1/22,audience,https://archive.org/details/jrad2022-07-01.MK4V
663,262,7/1/22,soundboard,https://archive.org/details/jrad2022-07-01.cmc621.cmc64.sbd.matrix.flac16
658,263,7/3/22,audience,https://archive.org/details/jrad2022-07-03.at2022
659,263,7/3/22,radio,https://archive.org/details/jrad2022-07-03.kvmr.flac16
661,263,7/3/22,audience,https://archive.org/details/jrad2022-07-03
668,263,7/3/22,soundboard,https://archive.org/details/jrad2022-07-03.cmc621.cmc64.sbd.matrix.flac16
660,264,7/7/22,audience,https://archive.org/details/jrad2022-07-07.AKGCK61.Flac24
671,264,7/7/22,soundboard,https://archive.org/details/jrad2022-07-07.cmc621.cmc64.sbd.matrix.flac16
666,265,7/8/22,soundboard,https://archive.org/details/jrad2022-07-08.cmc621.cmc64.sbd.matrix.flac16
662,266,7/9/22,soundboard,https://archive.org/details/jrad2022-07-09.cmc621.cmc64.sbd.matrix.flac16
664,267,7/21/22,audience,https://archive.org/details/jrad2022-07-21.aud.flac
665,268,7/22/22,audience,https://archive.org/details/jrad2022-07-22.NWSS
670,270,8/13/22,audience,https://archive.org/details/jrad2022-08-13
672,273,8/27/22,soundboard,https://archive.org/details/jrad2022-08-27.cmc621.cmc64.sbd.matrix.flac16
673,271,8/25/22,audience,https://archive.org/details/jrad2022-08-25
674,272,8/26/22,audience,https://archive.org/details/jrad2022-08-26.AKG463.BSC1
675,272,8/26/22,audience,https://archive.org/details/jrad2022-08-26
676,271,8/25/22,audience,https://archive.org/details/jrad2022-08-25.JRADSPACSaratogaNY
677,272,8/26/22,audience,https://archive.org/details/jrad2022-08-26.jrad2022-08-26gman
678,273,8/27/22,audience,https://archive.org/details/jrad2022-08-27
679,273,8/27/22,audience,https://archive.org/details/jrad2022-08-27.AKG463.BSC-1
680,273,8/27/22,audience,https://archive.org/details/jrad2022-08-27.jrad2022-08-27gman
681,273,8/27/22,audience,https://archive.org/details/jrad2022-08-27.akg463
682,273,8/27/22,audience,https://archive.org/details/jrad2022-08-27.mbho603ka200.v3.flac24
683,273,8/27/22,audience,https://archive.org/details/jrad2022-08-27.akgck63.akgck92.flac24
684,273,8/27/22,audience,https://archive.org/details/jrad2022-08-27.mbhoka200.v3.akgck63.flac24
685,271,8/25/22,soundboard,https://archive.org/details/jrad2022-08-25.cmc621.cmc64.sbd.matrix.flac16
686,272,8/26/22,audience,https://archive.org/details/jrad2022-08-26.mbhoka200.akgck63.flac24
687,272,8/26/22,audience,https://archive.org/details/jrad2022-08-26.akgck63.nbobactives.flac24
688,269,8/12/22,audience,https://archive.org/details/jrad2022-08-12.158191.tk60.logrippo.flac16
689,272,8/26/22,soundboard,https://archive.org/details/jrad2022-08-26.cmc621.cmc64.sbd.matrix.flac16
690,274,9/29/22,audience,https://archive.org/details/jrad2022-09-29
691,275,9/30/22,audience,https://archive.org/details/jrad2022-09-30
692,276,10/1/22,audience,https://archive.org/details/jrad2022-10-01
693,275,9/30/22,soundboard,https://archive.org/details/jrad2022-09-30.cmc621.cmc64.sbd.matrix.flac16
694,269,8/12/22,soundboard,https://archive.org/details/jrad2022-08-12.cmc621.cmc64.sbd.matrix.flac16
695,274,9/29/22,soundboard,https://archive.org/details/jrad2022-09-29.cmc621.cmc64.sbd.matrix.flac16
696,269,8/12/22,audience,https://archive.org/details/JRAD2022-08-12
697,267,7/21/22,soundboard,https://archive.org/details/jrad2022-07-21.cmc621.cmc64.sbd.matrix.flac16
698,278,11/11/22,audience,https://archive.org/details/jrad2022-11-11.travitz.neumannKM185.flac24
699,279,11/12/22,audience,https://archive.org/details/jrad2022-11-12
700,278,11/11/22,audience,https://archive.org/details/jrad2022-11-11.AKGCK61.Flac16
701,270,8/13/22,soundboard,https://archive.org/details/jrad2022-08-13.cmc621.cmc64.sbd.matrix.flac16
702,261,6/24/22,soundboard,https://archive.org/details/jrad2022-06-24.cmc621.cmc64.sbd.matrix.flac16
703,280,12/2/22,audience,https://archive.org/details/jrad2022-12-02
704,281,12/3/22,audience,https://archive.org/details/jrad2022-12-03
705,282,12/4/22,audience,https://archive.org/details/jrad2022-12-04
706,229,8/15/21,soundboard,https://archive.org/details/jrad2021-08-15.cmc621.cmc64.sbd.matrix.flac16
707,280,12/2/22,soundboard,https://archive.org/details/jrad2022-12-02.cmc621.cmc64.sbd.matrix.flac16
708,281,12/3/22,soundboard,https://archive.org/details/jrad2022-12-03.cmc621.cmc64.sbd.matrix.flac16
709,277,10/30/22,audience,https://archive.org/details/jrad2022-10-30
710,283,1/26/23,audience,https://archive.org/details/jrad2023-01-26
711,283,1/26/23,audience,https://archive.org/details/jrad2023-01-26.Flac16
712,284,1/27/23,audience,https://archive.org/details/jrad2023-01-27
713,284,1/27/23,audience,https://archive.org/details/jrad2023-01-27.BSC1.AKG463
714,284,1/27/23,audience,https://bt.etree.org/details.php?torrentId=618001
715,285,1/28/23,audience,https://archive.org/details/jrad2023-01-28
716,285,1/28/23,audience,https://bt.etree.org/details.php?torrentId=618031
717,285,1/28/23,audience,https://archive.org/details/jrad2023-01-28.AKGCK63.AKGCK62
718,286,1/29/23,audience,https://archive.org/details/jrad2023-01-29
719,286,1/29/23,audience,https://archive.org/details/jrad2023-01-29.AKG463.CK62
720,286,1/29/23,audience,https://archive.org/details/jrad2023-01-29.litz.neumannU89i.flac16
721,286,1/29/23,audience,https://bt.etree.org/details.php?torrentId=618035
722,286,1/29/23,audience,https://archive.org/details/jrad2023-01-29.aud.mkh8040.nico11104.flac24
723,284,1/27/23,audience,https://archive.org/details/jrad2023-01-27.akg451.buzzeo.flac1644
724,285,1/28/23,audience,https://archive.org/details/jrad2023-01-28.akg451.buzzeo.flac1644
725,283,1/26/23,soundboard,https://archive.org/details/jrad2023-01-26.cmc621.cmc65xt.sbd.matrix.flac16
726,262,7/1/22,audience,https://archive.org/details/jrad2022-07-01.BSC2Omnis
727,262,7/1/22,audience,https://archive.org/details/jrad2022-07-01.Schoeps_hypers
728,284,1/27/23,soundboard,https://archive.org/details/jrad2023-01-27.cmc621.cmc65xt.sbd.matrix.flac16
729,285,1/28/23,soundboard,https://archive.org/details/jrad2023-01-28.cmc621.cmc65xt.sbd.matrix.flac16
730,286,1/29/23,soundboard,https://archive.org/details/jrad2023-01-29.cmc621.cmc65xt.sbd.matrix.flac16
731,288,3/4/23,audience,https://bt.etree.org/details.php?torrentId=618311
732,288,3/4/23,audience,https://archive.org/details/jrad2023-03-04.jraddd
733,289,3/5/23,audience,https://archive.org/details/jrad2023-03-05
734,282,12/4/22,soundboard,https://archive.org/details/jrad2022-12-04.cmc621.cmc64.sbd.matrix.flac16
735,288,3/4/23,audience,https://archive.org/details/jrad2023-03-04.mg20
736,287,3/3/23,audience,https://archive.org/details/jrad2023-03-03
737,289,3/5/23,audience,https://archive.org/details/jrad2023-03-05.jraddd
738,289,3/5/23,audience,https://bt.etree.org/details.php?torrentId=618324
739,288,3/4/23,audience,https://archive.org/details/jrad2023-03-04.jrad
740,288,3/4/23,audience,https://bt.etree.org/details.php?torrentId=618316
741,159,8/2/18,audience,https://archive.org/details/jrad2018-08-02.mk4.60v-pfa.mixpre6.bean.flac1644
742,263,7/3/22,audience,https://archive.org/details/jrad2022-07-03.JoeRussoAlmostDead2022-07-03.flac16
743,296,5/12/23,audience,https://archive.org/details/jrad2023-05-12
744,290,4/30/23,audience,https://archive.org/details/jrad2023-04-30
745,294,5/10/23,audience,https://archive.org/details/jrad2023-05-10.mg20
746,294,5/10/23,audience,https://archive.org/details/jrad2023-05-10.m20.flac24
747,294,5/10/23,audience,https://bt.etree.org/details.php?torrentId=619025
748,294,5/10/23,audience,https://archive.org/details/jrad2023-05-10.41v
749,294,5/10/23,audience,https://archive.org/details/jrad2023-05-10.flac.24
750,295,5/11/23,audience,https://archive.org/details/jrad2023-05-11
751,297,5/13/23,audience,https://archive.org/details/jrad2023-05-13
752,297,5/13/23,audience,https://bt.etree.org/details.php?torrentId=619045
753,297,5/13/23,audience,https://archive.org/details/jrad2023-05-13.Z
754,297,5/13/23,audience,https://archive.org/details/jrad2023-05-13.akg483.bsc1
755,297,5/13/23,audience,https://bt.etree.org/details.php?torrentId=619046
756,298,6/3/23,audience,https://archive.org/details/jrad2023-06-03.dpa4080.flac24
757,298,6/3/23,audience,https://archive.org/details/jrad2023-06-03
758,299,6/4/23,audience,https://archive.org/details/jrad2023-06-04.dpa4080.flac24
759,299,6/4/23,audience,https://archive.org/details/jrad2023-06-04
760,294,5/10/23,audience,https://archive.org/details/jrad2023-05-10
761,297,5/13/23,audience,https://archive.org/details/jrad2023-05-13.fob-akg451.buzzeo.flac1644
762,301,7/2/23,audience,https://archive.org/details/jrad2023-07-02
763,299,6/4/23,soundboard,https://archive.org/details/jrad2023-06-04.cmc621.cmc64.sbd.matrix.flac16
764,302,7/27/23,audience,https://archive.org/details/jrad2023-07-27
765,302,7/27/23,audience,https://archive.org/details/jrad2023-07-27.akg483.bsc1
766,302,7/27/23,audience,https://archive.org/details/jrad2023-07-27.MK4V
767,303,8/4/23,audience,https://archive.org/details/Newport2023-08-05
768,303,8/4/23,video,https://www.youtube.com/watch?v=V8i3Crb43Fk
769,298,6/3/23,audience,https://archive.org/details/jrad2023-06-03.jazzbuph
770,299,6/4/23,audience,https://archive.org/details/jrad2023-06-04.jazzbuph
771,308,8/12/23,audience,https://archive.org/details/jrad2023-08-12.akg483.bsc1
772,308,8/12/23,audience,https://archive.org/details/jrad2023-08-12
773,307,8/11/23,audience,https://archive.org/details/jrad2023-08-11.MK4V
774,309,8/13/23,audience,https://archive.org/details/jrad2023-08-13
775,309,8/13/23,audience,https://archive.org/details/jrad2023-08-13.tcca.flac16
776,312,9/10/23,audience,https://archive.org/details/jrad2023-09-10.dankski
777,309,8/13/23,audience,https://archive.org/details/jrad2023-08-13.VERMONT_TAPERS_COLLECTIVE_FLAC
778,298,6/3/23,soundboard,https://archive.org/details/jrad2023-06-03.cmc621.cmc64.sbd.matrix.flac16
779,314,10/13/23,audience,https://archive.org/details/jrad2023-10-13
780,315,10/14/23,audience,https://archive.org/details/jrad2023-10-14
781,319,11/18/23,audience,https://archive.org/details/jrad2023-11-18
782,314,10/13/23,audience,https://archive.org/details/jrad2023-10-13.481.m148.F8nPro.2496
783,314,10/13/23,audience,https://archive.org/details/jrad2023-10-13.MK4.2496
784,317,11/16/23,audience,https://archive.org/details/jrad2023-11-16.AKGCK61.Flac16
785,318,11/17/23,audience,https://archive.org/details/jrad2023-11-17.AKGCK61.Flac24
786,318,11/17/23,audience,https://archive.org/details/jrad2023-11-17.moonscooter
787,318,11/17/23,audience,https://archive.org/details/jrad2023-11-17
788,317,11/16/23,audience,https://archive.org/details/jrad2023-11-16
789,317,11/16/23,audience,https://archive.org/details/jrad2023-11-16.AKG.AUD.Matrix.Flac24
790,317,11/16/23,audience,https://archive.org/details/jrad2023-11-16.PD
791,176,1/19/19,audience,https://archive.org/details/jrad2019-01-19.Microtech_Gefell_M300_flac24
792,319,11/18/23,audience,https://archive.org/details/jrad2023-11-18.4mic.flac24
793,321,12/1/23,audience,https://archive.org/details/jrad2023-12-01
794,322,12/2/23,audience,https://archive.org/details/jrad2023-12-02
795,320,11/30/23,pro-shot,https://www.youtube.com/watch?v=JX_v9gSFf_Y
796,322,12/2/23,pro-shot,https://www.youtube.com/watch?v=7flPQLyfwqQ
797,204,8/29/19,pro-shot,https://www.youtube.com/watch?v=I2zxSpBDHCQ
798,206,9/13/19,pro-shot,https://www.youtube.com/watch?v=ysW9NQrzsDA
799,321,12/1/23,pro-shot,https://www.youtube.com/watch?v=mh_MDK3XwCk
800,318,11/17/23,pro-shot,https://www.youtube.com/watch?v=InCSS75ktTY
801,317,11/16/23,pro-shot,https://www.youtube.com/watch?v=a_YoU-TkwHw
802,310,9/8/23,pro-shot,https://www.youtube.com/watch?v=CHsEW-198bs
803,302,7/27/23,pro-shot,https://www.youtube.com/watch?v=OUUb22Sgp34
804,301,7/2/23,pro-shot,https://www.youtube.com/watch?v=Z3c6HPVT6vU
805,299,6/4/23,pro-shot,https://www.youtube.com/watch?v=em2dN0fboNs
806,298,6/3/23,pro-shot,https://www.youtube.com/watch?v=AQxpBna-3hI
807,297,5/13/23,pro-shot,https://www.youtube.com/watch?v=ftKb2BXBHxw
808,296,5/12/23,pro-shot,https://www.youtube.com/watch?v=8unQjBQNtYo
809,295,5/11/23,pro-shot,https://www.youtube.com/watch?v=z7gIh8HhGVk
810,294,5/10/23,pro-shot,https://www.youtube.com/watch?v=rMgAPXquV-Y
811,293,5/6/23,pro-shot,https://www.youtube.com/watch?v=wusdQtrZPDk
812,292,5/5/23,pro-shot,https://www.youtube.com/watch?v=cd6nrMrdc2I
813,291,5/4/23,pro-shot,https://www.youtube.com/watch?v=-2IYcIftT6g
814,278,11/11/22,pro-shot,https://www.youtube.com/watch?v=o7C5QVjnLyE
815,262,7/1/22,pro-shot,https://www.youtube.com/watch?v=l2S6V5efizQ
816,260,6/3/22,pro-shot,https://www.youtube.com/watch?v=ryKBlAxZ0DI
817,254,5/1/22,pro-shot,https://www.youtube.com/watch?v=Z_nAQQR00j8
818,323,1/12/24,pro-shot,https://www.youtube.com/watch?v=87DS8_MqAsk
819,323,1/12/24,audience,https://archive.org/details/jrad2024-01-12.AKG483
820,323,1/12/24,audience,https://archive.org/details/jrad2024-01-12.AKG.CK1
821,324,1/13/24,audience,https://archive.org/details/jrad2024-01-13
822,323,1/12/24,audience,https://archive.org/details/jrad2024-01-12
823,323,1/12/24,audience,https://archive.org/details/jrad2024-01-12.schoepsccm41
824,324,1/13/24,pro-shot,https://www.youtube.com/watch?v=-RDoEwcC4hQ
825,324,1/13/24,audience,https://archive.org/details/jrad2024-01-13.AKG483
826,325,1/14/24,pro-shot,https://www.youtube.com/watch?v=qFJJ2vKXaXg
827,325,1/14/24,audience,https://archive.org/details/jrad2024-01-14
828,325,1/14/24,audience,https://archive.org/details/jrad2024-01-14.schoepsccm41
829,325,1/14/24,audience,https://archive.org/details/jrad2024-01-14.AKG483
830,325,1/14/24,audience,https://archive.org/details/jrad2024-01-14.CK1
831,327,2/9/24,audience,https://archive.org/details/jrad2024-02-09
832,327,2/9/24,audience,http://bt.etree.org/details.php?id=621304
833,327,2/9/24,audience,https://archive.org/details/jrad2024-02-09.Z
834,327,2/9/24,audience,https://archive.org/details/jrad2024-02-09.jraddd
835,327,2/9/24,audience,https://archive.org/details/jrad2024-02-09.jradddd
836,327,2/9/24,audience,https://bt.etree.org/details.php?torrentId=621305
837,327,2/9/24,audience,https://bt.etree.org/details.php?torrentId=621306
838,94,12/30/16,pro-shot,https://www.youtube.com/watch?v=xbvMhEqp-hE
839,328,2/10/24,audience,https://archive.org/details/jrad2024-02-10
840,328,2/10/24,audience,https://archive.org/details/jrad2024-02-10.z
841,328,2/10/24,audience,http://bt.etree.org/details.php?id=621307
842,327,2/9/24,audience,https://archive.org/details/jrad2024-02-09.ccm41v
843,328,2/10/24,audience,https://archive.org/details/jrad2024-02-10.ccm41v
844,327,2/9/24,audience,https://archive.org/details/jrad2024-02-09.166911.akg483.flac16
845,330,5/3/24,audience,https://bt.etree.org/details.php?torrentId=621827
846,330,5/3/24,audience,https://archive.org/details/jrad2024-05-03
847,331,5/4/24,audience,https://archive.org/details/jrad2024-05-04
848,331,5/4/24,audience,https://bt.etree.org/details.php?torrentId=621828
849,328,2/10/24,audience,https://archive.org/details/jrad2024-02-10.JRAD
850,332,5/16/24,audience,https://archive.org/details/jrad2024-05-16
851,333,5/17/24,audience,https://archive.org/details/jrad2024-05-17
852,334,5/18/24,audience,https://archive.org/details/jrad2024-05-18.aud.ck62.nico11104.flac24
853,334,5/18/24,audience,https://archive.org/details/jrad2024-05-18
854,336,6/1/24,audience,https://archive.org/details/jrad2024-06-01.dpa4022.flac16
855,336,6/1/24,audience,https://archive.org/details/jrad2024-06-01
856,336,6/1/24,pro-shot,https://www.youtube.com/watch?v=rtkw1wdG3d8
857,335,5/31/24,audience,https://archive.org/details/jrad2024-05-31
858,335,5/31/24,pro-shot,https://www.youtube.com/watch?v=qz3wPhx6jIM
